,№ ВД,1.К-сть одержаних бюлетенів,"2.К-сть виборців, внесених до списку","3.К-сть виборців, внесених до витягу для голос. за місцем перебув.",4.К-сть невикор. бюлетенів,"5.К-сть виборців, які отримали бюлетені у приміщ.","6.К-сть виборців, які отримали бюлетені за місцем перебув.","7.Загальна к-сть виборців, які отримали бюлетені","8.К-сть бюлетенів, що не підлягають врахуванню","9.К-сть виборців, які взяли участь у голосуванні","10.К-сть бюлетенів, визнаних недійсними",ЗеленськийВолодимир,ПорошенкоПетро,Дата та час протоколу,ТВО
0,1,576,553,0,60,516,0,516,0,516,16,248,252,21.04.2019 22:15,105.0
1,441404,1968,1919,9,1124,835,9,844,0,844,26,746,72,22.04.2019 00:15,105.0
2,441405,1808,1760,9,1005,795,8,803,0,803,17,720,66,22.04.2019 00:40,105.0
3,441406,1808,1822,23,933,861,14,875,0,875,14,784,77,22.04.2019 00:20,105.0
4,441407,1760,1707,24,961,779,20,799,0,799,17,734,48,22.04.2019 00:30,105.0
5,441408,1808,1776,28,976,805,27,832,0,832,25,745,62,22.04.2019 00:50,105.0
6,441413,128,15,0,113,15,0,15,0,15,0,13,2,22.04.2019 00:20,105.0
